{"cameraMode":{"drawMode":0,"name":"Shaded","section":"Shading Mode"},"sceneLighting":true,"audioPlay":false,"sceneViewState":{"m_AlwaysRefresh":false,"showFog":true,"showSkybox":true,"showFlares":true,"showImageEffects":true,"showParticleSystems":true,"showVisualEffectGraphs":true,"m_FxEnabled":true},"in2DMode":false,"pivot":{"x":916.0922241210938,"y":385.1593933105469,"z":69.8258056640625},"rotation":{"x":-0.007810555398464203,"y":0.009596928022801876,"z":-0.00008141511352732778,"w":-0.9999192357063294},"size":453.98876953125,"orthographic":false}